{"data":{"jobs":{"edges":[{"node":{"frontmatter":{"title":"Lead Fron-End Engineer","company":"Intuit","location":"Bangalore, India","range":"Sept 2021 - Present","url":"https://www.intuit.com/"},"html":"<ul>\n<li>Deliver high-quality, robust production code for transaction management of Quickbook online customers, which enables seamless bulk transaction handling and various reports generartion via excel desktop.</li>\n<li>Collaborate with designers, project managers, and other engineers to transform creative concepts into production realities for stakeholders</li>\n<li>Provide leadership within engineering department through close collaboration, knowledge shares, and mentorship</li>\n</ul>"}},{"node":{"frontmatter":{"title":"Senior Front-End Engineer","company":"Walmart","location":"Bangalore, India","range":"Dec 2018 - Sept 2021","url":"https://www.walmart.com/"},"html":"<ul>\n<li>Worked as full-stack developer (React/React-Native, Golang) in team called GIF. It is a core module of Walmart’s fulfillment application and It helps Walmart in delivering its services to customer with better, reliable, hassle-free and scalable way.</li>\n<li>Collaborate with designers, project managers, and other engineers to transform creative concepts into production realities for stakeholders</li>\n</ul>"}},{"node":{"frontmatter":{"title":"Software Engineer II","company":"CISCO","location":"Bangalore, India","range":"August 2017 - November 2018","url":"https://cisco.com/"},"html":"<ul>\n<li>Worked as a full stack developer on CISCO CARE, product which an application for customer support for partner organization.</li>\n<li>Collaborated with designers and product managers to develop and launch new features and products.</li>\n</ul>"}},{"node":{"frontmatter":{"title":"Software Engineer I","company":"Heckyl Technologies,","location":"Mumbai, India","range":"Aug 2015 -  June 2017","url":"http://heckyl.com/"},"html":"<ul>\n<li>Worked on a web application (built from scratch) which is used by the professionals in the financial service sector and other industries, to monitor and analyze real-time financial market data.</li>\n</ul>"}}]}}}