{"app":["/app-db408d00e31dba1c1bc1.js"],"component---cache-caches-gatsby-plugin-offline-app-shell-js":["/component---cache-caches-gatsby-plugin-offline-app-shell-js-6f061b09cc63f0400406.js"],"component---src-pages-404-js":["/component---src-pages-404-js-3c5e5a19c786b979532c.js"],"component---src-pages-archive-js":["/component---src-pages-archive-js-d9e22fd27815ff24044d.js"],"component---src-pages-index-js":["/component---src-pages-index-js-f0eeaf8aac8a622bce20.js"],"component---src-pages-pensieve-index-js":["/component---src-pages-pensieve-index-js-0e01a32c3274133c8e48.js"],"component---src-pages-pensieve-tags-js":["/component---src-pages-pensieve-tags-js-3ad1bdf5bfd23c8e02f6.js"],"component---src-templates-post-js":["/component---src-templates-post-js-4d3f0ffe6afa1332948d.js"],"component---src-templates-tag-js":["/component---src-templates-tag-js-244d90f7324847c443e1.js"]}