{"namedChunkGroups":{"app":{"name":"app","assets":[{"name":"webpack-runtime-a9ad99c2b1229a77cbe3.js","size":4304},{"name":"framework-d46d909aa0d6150f78d2.js","size":129466},{"name":"app-db408d00e31dba1c1bc1.js","size":108591}],"filteredAssets":0,"assetsSize":242361,"filteredAuxiliaryAssets":3,"auxiliaryAssetsSize":791380},"component---cache-caches-gatsby-plugin-offline-app-shell-js":{"name":"component---cache-caches-gatsby-plugin-offline-app-shell-js","assets":[{"name":"component---cache-caches-gatsby-plugin-offline-app-shell-js-6f061b09cc63f0400406.js","size":499}],"filteredAssets":0,"assetsSize":499,"filteredAuxiliaryAssets":1,"auxiliaryAssetsSize":1657},"component---src-pages-404-js":{"name":"component---src-pages-404-js","assets":[{"name":"546641dfde76ed00139ea2c3eae09499c5f2164a-afa4fca56ce097c4501b.js","size":123629},{"name":"component---src-pages-404-js-3c5e5a19c786b979532c.js","size":1542}],"filteredAssets":0,"assetsSize":125171,"filteredAuxiliaryAssets":22,"auxiliaryAssetsSize":1162384},"component---src-pages-archive-js":{"name":"component---src-pages-archive-js","assets":[{"name":"546641dfde76ed00139ea2c3eae09499c5f2164a-afa4fca56ce097c4501b.js","size":123629},{"name":"component---src-pages-archive-js-d9e22fd27815ff24044d.js","size":3751}],"filteredAssets":0,"assetsSize":127380,"filteredAuxiliaryAssets":22,"auxiliaryAssetsSize":1168540},"component---src-pages-index-js":{"name":"component---src-pages-index-js","assets":[{"name":"546641dfde76ed00139ea2c3eae09499c5f2164a-afa4fca56ce097c4501b.js","size":123629},{"name":"component---src-pages-index-js-f0eeaf8aac8a622bce20.js","size":578}],"filteredAssets":0,"assetsSize":124207,"filteredAuxiliaryAssets":22,"auxiliaryAssetsSize":1159926},"component---src-pages-pensieve-index-js":{"name":"component---src-pages-pensieve-index-js","assets":[{"name":"546641dfde76ed00139ea2c3eae09499c5f2164a-afa4fca56ce097c4501b.js","size":123629},{"name":"component---src-pages-pensieve-index-js-0e01a32c3274133c8e48.js","size":9179}],"filteredAssets":0,"assetsSize":132808,"filteredAuxiliaryAssets":22,"auxiliaryAssetsSize":1195466},"component---src-pages-pensieve-tags-js":{"name":"component---src-pages-pensieve-tags-js","assets":[{"name":"546641dfde76ed00139ea2c3eae09499c5f2164a-afa4fca56ce097c4501b.js","size":123629},{"name":"component---src-pages-pensieve-tags-js-3ad1bdf5bfd23c8e02f6.js","size":6734}],"filteredAssets":0,"assetsSize":130363,"filteredAuxiliaryAssets":22,"auxiliaryAssetsSize":1190730},"component---src-templates-post-js":{"name":"component---src-templates-post-js","assets":[{"name":"546641dfde76ed00139ea2c3eae09499c5f2164a-afa4fca56ce097c4501b.js","size":123629},{"name":"component---src-templates-post-js-4d3f0ffe6afa1332948d.js","size":7330}],"filteredAssets":0,"assetsSize":130959,"filteredAuxiliaryAssets":22,"auxiliaryAssetsSize":1191777},"component---src-templates-tag-js":{"name":"component---src-templates-tag-js","assets":[{"name":"546641dfde76ed00139ea2c3eae09499c5f2164a-afa4fca56ce097c4501b.js","size":123629},{"name":"component---src-templates-tag-js-244d90f7324847c443e1.js","size":7294}],"filteredAssets":0,"assetsSize":130923,"filteredAuxiliaryAssets":22,"auxiliaryAssetsSize":1192838}},"assetsByChunkName":{"app":["webpack-runtime-a9ad99c2b1229a77cbe3.js","framework-d46d909aa0d6150f78d2.js","app-db408d00e31dba1c1bc1.js"],"component---cache-caches-gatsby-plugin-offline-app-shell-js":["component---cache-caches-gatsby-plugin-offline-app-shell-js-6f061b09cc63f0400406.js"],"component---src-pages-404-js":["546641dfde76ed00139ea2c3eae09499c5f2164a-afa4fca56ce097c4501b.js","component---src-pages-404-js-3c5e5a19c786b979532c.js"],"component---src-pages-archive-js":["546641dfde76ed00139ea2c3eae09499c5f2164a-afa4fca56ce097c4501b.js","component---src-pages-archive-js-d9e22fd27815ff24044d.js"],"component---src-pages-index-js":["546641dfde76ed00139ea2c3eae09499c5f2164a-afa4fca56ce097c4501b.js","component---src-pages-index-js-f0eeaf8aac8a622bce20.js"],"component---src-pages-pensieve-index-js":["546641dfde76ed00139ea2c3eae09499c5f2164a-afa4fca56ce097c4501b.js","component---src-pages-pensieve-index-js-0e01a32c3274133c8e48.js"],"component---src-pages-pensieve-tags-js":["546641dfde76ed00139ea2c3eae09499c5f2164a-afa4fca56ce097c4501b.js","component---src-pages-pensieve-tags-js-3ad1bdf5bfd23c8e02f6.js"],"component---src-templates-post-js":["546641dfde76ed00139ea2c3eae09499c5f2164a-afa4fca56ce097c4501b.js","component---src-templates-post-js-4d3f0ffe6afa1332948d.js"],"component---src-templates-tag-js":["546641dfde76ed00139ea2c3eae09499c5f2164a-afa4fca56ce097c4501b.js","component---src-templates-tag-js-244d90f7324847c443e1.js"]},"childAssetsByChunkName":{}}